id,name,start_date_local,type,distance,moving_time,elapsed_time,total_elevation_gain,elev_high,elev_low,average_speed,max_speed,average_heartrate,max_heartrate,start_latlng,moving_time_min,distance_mi,pace_mi,start_date_year
10742908786,Afternoon Run,2024-02-11 13:10:11,Run,6482.0,2121,2234,6.9,7.7,2.3,3.056,12.366,,,"[40.7525893393904, -74.00043589062989]",35.35,4.027726822,8.776662758485362,2024
10724696340,Evening Run,2024-02-08 19:07:33,Run,6902.0,2184,2341,4.4,8.3,2.3,3.16,10.963,,,"[40.752733927220106, -74.00049707852304]",36.4,4.2887026420000005,8.487415201867472,2024
10683349017,Afternoon Run,2024-02-02 16:34:49,Run,6670.6,2160,2226,15.6,7.3,-6.0,3.088,7.78,,,"[40.75258506461978, -74.00028367526829]",36.0,4.1449173926,8.685335940414998,2024
10640829554,Lunch Run,2024-01-27 10:21:34,Run,6589.8,2463,2466,4.1,10.6,2.5,2.676,4.538,,,"[40.75675204396248, -73.99832658469677]",41.05,4.0947106158,10.025128477114588,2024
10630435070,Evening Run,2024-01-25 19:19:09,Run,7848.5,2596,2719,4.1,6.6,2.3,3.023,15.303,,,"[40.752594619989395, -74.000478470698]",43.266666666666666,4.8768302935,8.871882772778438,2024
10585684454,Afternoon Run,2024-01-18 16:26:10,Run,5429.6,1851,1858,39.8,135.4,117.9,2.933,4.838,,,"[37.32370832003653, -122.07180208526552]",30.85,3.3737959816000003,9.144002828935019,2024
10573428245,Afternoon Run,2024-01-16 16:58:31,Run,5440.0,2400,2408,39.5,135.2,117.9,2.267,3.07,,,"[37.32369650155306, -122.07181918434799]",40.0,3.38025824,11.833415425680613,2024
10452093085,Afternoon Run,2023-12-28 12:50:30,Run,4866.5,1635,1770,4.4,6.8,2.3,2.976,8.396,,,"[40.75258950702846, -74.00049347430468]",27.25,3.0239019715,9.011535511676225,2023
10435680692,Afternoon Run,2023-12-25 13:40:08,Run,4976.7,1608,1654,4.1,6.8,2.3,3.095,8.286,,,"[40.75213017873466, -74.00048106908798]",26.8,3.0923770557,8.666472269479916,2023
9940087489,Evening Run,2023-09-28 18:27:01,Run,6478.6,2817,3046,8.5,7.1,2.4,2.3,5.014,,,"[40.75258690863848, -74.00063864886761]",46.95,4.0256141606,11.662816685094906,2023
9927064538,Evening Run,2023-09-26 17:49:43,Run,4972.0,1650,1902,8.4,6.8,2.3,3.013,5.402,,,"[40.75270526111126, -74.00044276379049]",27.5,3.089456612,8.901241691883646,2023
8578809215,Evening Run,2023-02-17 17:37:31,Run,5246.5,1691,1704,40.2,135.5,118.0,3.103,5.004,,,"[37.323921639472246, -122.07171130925417]",28.183333333333334,3.2600229515,8.64513340937236,2023
8382303781,Afternoon Run,2023-01-12 16:34:19,Run,6608.0,2241,2424,5.2,4.9,1.8,2.949,4.634,,,"[40.75444425456226, -74.00719438679516]",37.35,4.106019568,9.096400877162115,2023
8339178566,Afternoon Run,2023-01-04 16:46:44,Run,6647.7,2125,2256,9.7,7.6,2.2,3.128,8.796,,,"[40.7524664606899, -74.00033455342054]",35.416666666666664,4.1306879967,8.57403577683935,2023
8313504490,Afternoon Run,2022-12-30 17:17:50,Run,6544.7,2187,2366,9.6,8.7,2.2,2.993,6.302,,,"[40.7526392955333, -74.00029113516212]",36.45,4.0666867837,8.963070415478775,2022
8167166633,Lunch Run,2022-11-25 11:07:40,Run,9443.4,3338,3715,81.0,134.7,92.9,2.829,5.452,,,"[35.76818718574941, -78.85008445009589]",55.63333333333333,5.867854901399999,9.481034256668462,2022
8162315154,A little suburban nature,2022-11-24 09:27:50,Run,6583.3,2078,2155,31.4,114.8,92.9,3.168,5.31,,,"[35.76800839975476, -78.85009400546551]",34.63333333333333,4.0906717043,8.466417213810567,2022
8123693688,Afternoon Run,2022-11-15 16:41:38,Run,8337.1,2467,2562,11.0,9.0,1.8,3.379,6.88,,,"[40.75255027972162, -74.00060352869332]",41.11666666666667,5.1804321641,7.936918265545881,2022
8089460940,Afternoon Run,2022-11-08 16:55:19,Run,8935.4,2732,2935,11.0,9.0,1.8,3.271,6.07,,,"[40.75258992612362, -74.00051292032003]",45.53333333333333,5.5521984334,8.200955689807737,2022
8033854189,Afternoon Run,2022-10-28 16:46:04,Run,8913.7,2814,3103,10.5,8.6,1.8,3.168,6.776,,,"[40.75260962359607, -74.00044108740985]",46.9,5.5387146827,8.467668527229009,2022
8019505061,Evening Run,2022-10-25 18:02:43,Run,8185.1,2692,2832,11.0,9.2,1.8,3.041,6.01,,,"[40.7525219488889, -74.00038844905794]",44.86666666666667,5.0859837721000005,8.821629929845654,2022
7998575995,Afternoon Run,2022-10-21 16:30:13,Run,6684.9,2132,2190,10.1,7.6,1.8,3.135,7.018,,,"[40.752645498141646, -74.00034645572305]",35.53333333333333,4.1538029979,8.554409862792625,2022
7949142672,Evening Run,2022-10-11 18:44:49,Run,6641.6,2171,2384,10.8,9.1,2.0,3.059,10.338,,,"[40.75231248512864, -74.00043128058314]",36.18333333333333,4.1268976336000005,8.767683753224008,2022
7722789764,Evening Run,2022-08-29 19:43:18,Run,8129.6,2743,3064,42.7,32.3,2.6,2.964,10.152,,,"[40.75257450342178, -74.00036665610969]",45.71666666666667,5.0514976816,9.050121280504374,2022
7390824659,Evening Run,2022-06-29 19:38:46,Run,6332.7,1979,1994,52.3,135.8,117.7,3.2,5.8,,,"[37.32396338135004, -122.07191063091159]",32.983333333333334,3.9349561317,8.382134953835866,2022
7379696193,Evening Run,2022-06-27 19:20:35,Run,5418.3,1722,1820,39.9,135.4,117.7,3.147,4.494,,,"[37.323866821825504, -122.07183469086885]",28.7,3.3667744893,8.524479465794911,2022
7318398709,Morning Run,2022-06-16 08:49:23,Run,6467.4,2022,2164,9.4,7.6,2.4,3.198,7.574,,,"[40.75268380343914, -74.00071366690099]",33.7,4.0186548054,8.38589071017401,2022
7309917060,Evening Run,2022-06-14 17:30:22,Run,6657.7,2045,2343,5.6,9.0,2.4,3.256,6.754,,,"[40.752565283328295, -74.00064116343856]",34.083333333333336,4.1369017067,8.238855005458072,2022
7266970472,Evening Run,2022-06-06 18:14:58,Run,6613.0,2018,2071,9.4,7.6,2.2,3.277,7.54,,,"[40.75266033411026, -74.0008305106312]",33.63333333333333,4.109126423,8.18503250352133,2022
7254415934,Lunch Run,2022-06-04 11:26:58,Run,6623.8,2033,2138,9.5,7.6,2.3,3.258,6.608,,,"[40.752472914755344, -74.00026196613908]",33.88333333333333,4.1158372298,8.232427922077914,2022
7250694959,Evening Run,2022-06-03 20:08:44,Run,6867.4,2107,2271,8.4,8.9,1.7,3.259,7.27,,,"[40.752685479819775, -74.00068148039281]",35.11666666666667,4.2672032053999995,8.229433888273173,2022
7197758825,Evening Run,2022-05-24 18:37:21,Run,8265.8,2329,2404,12.4,9.7,1.8,3.549,7.736,,,"[40.75262127444148, -74.0006854198873]",38.81666666666667,5.1361284118,7.557573244759089,2022
7164637426,Afternoon Run,2022-05-18 13:20:58,Run,8201.0,2622,2718,10.4,8.0,1.8,3.128,8.328,,,"[40.7527220249176, -74.00072305463254]",43.7,5.095863571,8.575582801841852,2022
7116521251,Evening Run,2022-05-09 20:40:51,Run,8902.8,2585,2726,12.2,9.8,1.8,3.444,9.966,,,"[40.75246377848089, -74.0006425883621]",43.083333333333336,5.5319417388,7.788103231665462,2022
7092150869,Morning Run,2022-05-05 09:16:19,Run,6942.3,2152,2285,12.5,8.7,1.7,3.226,13.295,,,"[40.752578945830464, -74.00025417096913]",35.86666666666667,4.3137438933,8.314509983398386,2022
7084063251,Evening Run,2022-05-03 18:59:00,Run,6575.7,1899,1980,12.2,9.7,1.7,3.463,15.208,,,"[40.7521141692996, -73.99886487051845]",31.65,4.0859492847,7.746057964672906,2022
7030698382,Afternoon Run,2022-04-23 17:50:24,Run,4853.1,1573,1607,41.4,136.5,117.6,3.085,6.056,,,"[37.323863971978426, -122.07139145582914]",26.216666666666665,3.0155756001000005,8.693752086930695,2022
7025462617,Evening Run,2022-04-22 19:21:53,Run,6457.8,2085,2165,52.1,135.8,117.8,3.097,7.784,,,"[37.32391267083585, -122.07155699841678]",34.75,4.0126896438,8.660026836038059,2022
7015664115,Evening Run,2022-04-20 20:09:13,Run,6451.7,2073,2085,52.6,135.9,117.8,3.112,5.858,,,"[37.323913341388106, -122.07154559902847]",34.55,4.0088992807,8.618325774941189,2022
6977934144,Afternoon Run,2022-04-13 16:13:19,Run,6453.4,2000,2011,52.8,135.8,117.7,3.227,5.148,,,"[37.32400193810463, -122.0714008435607]",33.333333333333336,4.0099556114,8.312643970065205,2022
6967478768,Afternoon Run,2022-04-11 16:38:19,Run,6496.4,2051,2061,52.6,135.9,117.6,3.167,5.927,,,"[37.323834635317326, -122.07175766117871]",34.18333333333333,4.0366745644,8.46819152447932,2022
6961736495,Lunch Run,2022-04-10 11:10:56,Run,6530.9,2032,2092,52.8,135.9,117.8,3.214,8.75,,,"[37.32387629337609, -122.07164349965751]",33.86666666666667,4.0581118639,8.345424621715457,2022
6957074010,Evening Run,2022-04-09 18:32:09,Run,6497.5,2091,2100,52.7,135.9,117.9,3.107,8.148,,,"[37.3238377366215, -122.07134242169559]",34.85,4.0373580725,8.631882378077082,2022
6932570901,Afternoon Run,2022-04-04 17:57:09,Run,6923.6,2404,2502,25.0,142.1,131.6,2.88,5.65,,,"[30.26142742484808, -97.74781856685877]",40.06666666666667,4.3021242556,9.313228602012735,2022
6249164677,Afternoon Run,2021-11-12 17:08:46,Run,8350.3,2574,2910,6.9,9.0,1.9,3.244,8.387,,,"[40.74317914433777, -73.99743055924773]",42.9,5.1886342613,8.268071681207976,2021
6114160220,Evening Run,2021-10-14 18:23:26,Run,8035.9,2488,2778,6.9,9.0,1.9,3.23,12.1,,,"[40.743038, -73.997514]",41.46666666666667,4.9932752189,8.304502525659224,2021
5961758907,Evening Run,2021-09-14 19:16:59,Run,8346.0,2684,2856,6.8,9.0,1.9,3.11,9.7,,,"[40.743138, -73.997432]",44.733333333333334,5.185962366,8.625849972728732,2021
5943748606,Lunch Run,2021-09-11 12:29:01,Run,6770.4,2185,2247,6.9,9.0,1.9,3.099,7.2,,,"[40.74311, -73.997442]",36.416666666666664,4.2069302184,8.656351490545243,2021
5923936724,Evening Run,2021-09-07 19:21:45,Run,6692.6,2192,2397,6.9,9.0,1.9,3.053,9.2,,,"[40.743154, -73.997442]",36.53333333333333,4.1585875546,8.78503406593476,2021
5712358062,Afternoon Run,2021-07-30 14:34:35,Run,6748.5,2196,2374,6.7,8.8,1.9,3.073,7.0,,,"[40.743251, -73.997422]",36.6,4.1933221935,8.728163091482228,2021
5708336429,Afternoon Run,2021-07-29 17:37:19,Run,6850.6,2092,2351,6.6,8.8,1.9,3.275,9.7,,,"[40.743173, -73.99746]",34.86666666666667,4.2567641726000005,8.19088520127493,2021
5335664333,Afternoon Run,2021-05-21 16:27:05,Run,8345.5,2647,2803,6.7,8.8,1.7,3.153,7.4,,,"[40.743198, -73.997431]",44.11666666666667,5.1856516805,8.507448896454406,2021
5326412397,Evening Run,2021-05-19 19:58:26,Run,8283.1,2636,2745,6.6,8.8,1.9,3.142,7.4,,,"[40.743183, -73.99743]",43.93333333333333,5.1468781301,8.53591871087877,2021
5281339778,Afternoon Run,2021-05-11 17:50:16,Run,8302.3,2578,2926,6.7,8.8,1.8,3.22,7.1,,,"[40.743272, -73.997383]",42.96666666666667,5.1588084533,8.328796669932888,2021
5220515289,Evening Run,2021-04-30 19:22:42,Run,8328.4,2546,2895,6.6,8.8,1.3,3.271,6.6,,,"[40.74318, -73.997424]",42.43333333333333,5.1750262364,8.199636367998787,2021
5098724553,Evening Run,2021-04-09 18:13:22,Run,8382.2,2542,2729,6.6,8.8,1.9,3.297,7.3,,,"[40.743233, -73.997437]",42.36666666666667,5.2084559962000005,8.134208429057797,2021
5082124976,Evening Run,2021-04-06 18:51:20,Run,8346.3,2743,3052,6.7,8.8,1.9,3.043,7.7,,,"[40.743196, -73.997453]",45.71666666666667,5.1861487773,8.81514754585725,2021
4920967217,60+ degrees? Yes please,2021-03-09 17:26:00,Run,8324.8,2442,2845,6.6,8.8,1.9,3.409,9.5,,,"[40.743211, -73.997456]",40.7,5.1727893008,7.868095457455715,2021
4309832430,Morning Run,2020-11-08 10:35:06,Run,6492.6,1998,2106,52.4,135.7,117.8,3.25,6.4,,,"[37.323888, -122.071769]",33.3,4.0343133546,8.254192739399063,2020
4295003371,Afternoon Run,2020-11-05 16:47:35,Run,5415.3,1722,1794,40.3,135.9,118.1,3.145,5.7,,,"[37.323752, -122.071763]",28.7,3.3649103763,8.529201907468943,2020
4048912251,Morning Run,2020-09-12 10:14:54,Run,5858.0,1787,2042,7.4,5.7,1.1,3.278,8.9,,,"[40.723827, -74.049955]",29.783333333333335,3.639991318,8.182253948258822,2020
3924134580,Evening Run,2020-08-16 19:56:18,Run,6762.5,2077,2257,6.1,8.1,1.6,3.256,7.9,,,"[40.74318, -73.997471]",34.61666666666667,4.2020213875,8.238098637394588,2020
3918946508,Evening Run,2020-08-15 19:52:08,Run,6758.2,2095,2192,6.1,8.0,1.6,3.226,8.5,,,"[40.743158, -73.997466]",34.916666666666664,4.1993494922,8.314779879960444,2020
3880130143,Evening Run,2020-08-07 18:53:06,Run,5026.3,1955,3594,7.3,9.1,1.6,2.571,6.1,,,"[40.743088, -73.997424]",32.583333333333336,3.1231970573,10.43268571772464,2020
3865853039,Evening Run,2020-08-04 19:54:34,Run,6808.8,2107,3090,6.9,8.1,-2.6,3.232,10.2,,,"[40.743156, -73.99736]",35.11666666666667,4.2307908648,8.30026058693561,2020
3860845408,Evening Run,2020-08-03 20:26:56,Run,6463.0,2009,2252,6.5,8.5,1.6,3.217,7.7,,,"[40.743137, -73.997447]",33.483333333333334,4.015920773,8.337647883506524,2020
3773362144,Evening Run,2020-07-16 19:17:07,Run,9016.7,2649,2918,5.9,7.8,1.6,3.404,11.4,,,"[40.74364, -74.003476]",44.15,5.6027158957,7.880106866365374,2020
3763837344,Evening Run,2020-07-14 20:10:39,Run,7757.4,2299,2450,6.1,8.1,1.6,3.374,11.1,,,"[40.743151, -73.997389]",38.31666666666667,4.8202233954,7.949147482092375,2020
3700692217,Evening Run,2020-07-01 20:45:21,Run,9818.9,2820,2992,6.1,8.1,1.6,3.482,9.5,,,"[40.743148, -73.997537]",47.0,6.1011797118999995,7.703428225254406,2020
3695739683,Evening Run,2020-06-30 20:41:22,Run,9779.8,2886,2998,6.1,8.0,1.6,3.389,10.0,,,"[40.743162, -73.997479]",48.1,6.0768841058,7.915240633615443,2020
3671720376,Evening Run,2020-06-25 19:12:25,Run,12418.5,4003,4666,73.1,44.7,1.6,3.102,14.2,,,"[40.724929, -73.995453]",66.71666666666667,7.7164957635,8.645979821857082,2020
3667031102,Evening Run,2020-06-24 20:30:15,Run,11402.1,3484,3675,6.0,8.1,1.6,3.273,13.2,,,"[40.743163, -73.997355]",58.06666666666667,7.0849342791000005,8.195794679134679,2020
3661886731,Evening Run,2020-06-23 20:26:49,Run,11395.9,3604,3686,5.9,8.1,1.6,3.162,13.5,,,"[40.743158, -73.997339]",60.06666666666667,7.0810817789,8.482696365073988,2020
3636156022,Afternoon Run,2020-06-18 17:57:32,Run,14538.2,4710,5396,67.8,28.2,-272.9,3.087,14.6,,,"[40.743255, -73.997357]",78.5,9.0336158722,8.68976510741125,2020
3631683247,Evening Run,2020-06-17 19:50:03,Run,11302.9,3418,3607,6.3,8.2,1.6,3.307,10.0,,,"[40.74306, -73.997433]",56.96666666666667,7.0232942759,8.111103483467048,2020
3626658550,Evening Run,2020-06-16 20:05:05,Run,11313.5,3344,3406,5.8,8.0,1.6,3.383,9.8,,,"[40.743251, -73.99749]",55.733333333333334,7.0298808085,7.928062345800345,2020
3621290610,Evening Run,2020-06-15 19:48:10,Run,9840.3,2846,3064,6.0,8.1,1.6,3.458,13.1,,,"[40.743179, -73.997384]",47.43333333333333,6.1144770513,7.757545401736118,2020
3604963359,Evening Run,2020-06-12 18:35:39,Run,7194.6,2613,2740,3.0,8.1,1.6,2.753,7.1,,,"[40.743045, -73.997399]",43.55,4.4705157966,9.741605215470093,2020
3600799350,Evening Run,2020-06-11 20:34:48,Run,11803.1,3473,4219,15.0,12.4,1.2,3.399,10.7,,,"[40.743183, -73.997499]",57.88333333333333,7.3341040501000005,7.892352349779397,2020
3595776717,Evening Run,2020-06-10 20:25:57,Run,11370.3,3346,3686,5.9,8.1,1.6,3.398,10.6,,,"[40.743073, -73.997482]",55.766666666666666,7.065174681299999,7.893175920231535,2020
3590957377,Evening Run,2020-06-09 20:33:30,Run,11341.1,3398,3507,6.0,8.0,1.6,3.338,10.5,,,"[40.743309, -73.997442]",56.63333333333333,7.047030648100001,8.036481769609253,2020
3585604651,Evening Run,2020-06-08 20:31:51,Run,11429.5,3410,3560,5.9,8.0,1.2,3.352,12.5,,,"[40.743297, -73.997607]",56.833333333333336,7.1019598445000005,8.002485874000964,2020
3569518202,Afternoon Run,2020-06-05 17:51:43,Run,15384.1,4662,5059,6.1,8.1,1.6,3.3,11.3,,,"[40.743139, -73.997433]",77.7,9.5592336011,8.12826668354029,2020
3560627572,Evening Run,2020-06-03 18:36:08,Run,9718.3,2889,3597,6.4,8.2,1.4,3.364,8.3,,,"[40.743312, -73.997391]",48.15,6.0386697893,7.973610361228499,2020
3555458822,Evening Run,2020-06-02 18:49:57,Run,9739.6,2793,2919,6.4,8.2,1.4,3.487,10.3,,,"[40.743176, -73.997421]",46.55,6.051904991600001,7.691792925469096,2020
3544808764,Evening Run,2020-05-31 19:32:05,Run,10398.2,3696,3932,95.0,26.9,1.4,2.813,8.8,,,"[40.726845, -74.053444]",61.6,6.461139932200001,9.53392135852185,2020
3533131839,Evening Run,2020-05-29 19:21:04,Run,9990.6,3560,4087,83.2,28.2,1.1,2.806,8.1,,,"[40.731448, -74.059284]",59.333333333333336,6.2078691126,9.55776165011365,2020
3523266810,Evening Run,2020-05-27 20:19:55,Run,11362.9,3163,3324,6.3,8.2,0.6,3.592,9.2,,,"[40.743192, -73.997414]",52.71666666666667,7.0605765359,7.466340234203971,2020
3517691807,Evening Run,2020-05-26 20:20:43,Run,9720.6,2934,2969,6.2,8.2,1.6,3.313,8.8,,,"[40.743133, -73.997445]",48.9,6.0400989426,8.095893869405833,2020
3512257904,slowly learning to evenly pace,2020-05-25 20:25:32,Run,11353.4,3225,3236,6.7,8.8,1.6,3.52,9.9,,,"[40.743175, -73.997424]",53.75,7.0546735114,7.619062726736069,2020
3495324768,Afternoon Run,2020-05-22 16:11:44,Run,11283.7,3328,3509,6.1,8.0,1.6,3.391,10.1,,,"[40.743144, -73.997472]",55.46666666666667,7.011363952700001,7.9109666879162726,2020
3485556780,Evening Run,2020-05-20 20:16:56,Run,11338.4,3368,3430,6.7,8.9,1.6,3.367,11.7,,,"[40.743247, -73.997412]",56.13333333333333,7.0453529463999995,7.967426722321424,2020
3480117762,Evening Run,2020-05-19 20:09:19,Run,11283.1,3249,3292,5.9,8.1,1.6,3.473,16.0,,,"[40.743188, -73.997414]",54.15,7.010991130100001,7.723587007195035,2020
3474525841,Evening Run,2020-05-18 20:22:50,Run,10782.2,3057,3131,6.2,8.2,1.6,3.527,14.0,,,"[40.743156, -73.997464]",50.95,6.699746396200001,7.604765462301395,2020
3457429338,Evening Run,2020-05-15 19:17:55,Run,13322.9,4494,4767,8.7,8.1,1.6,2.965,16.6,,,"[40.743253, -73.997357]",74.9,8.2784636959,9.047572442347613,2020
3447370238,lower manhattan tour,2020-05-13 18:08:17,Run,16589.2,5165,5848,23.4,13.9,0.4,3.212,11.6,,,"[40.74314, -73.997454]",86.08333333333333,10.3080477932,8.35108015216234,2020
3442362382,Evening Run,2020-05-12 19:55:27,Run,9795.7,2853,2930,6.1,8.2,1.2,3.433,11.2,,,"[40.743163, -73.997374]",47.55,6.086763904700001,7.812032920035462,2020
3437073325,Evening Run,2020-05-11 20:00:39,Run,11441.5,3273,3393,6.4,8.2,1.4,3.496,11.6,,,"[40.74317, -73.997391]",54.55,7.1094162965,7.672922462967209,2020
3427133196,#IRunWithMaud,2020-05-09 18:48:45,Run,9867.7,2769,2828,6.1,8.2,0.7,3.564,14.6,,,"[40.74327, -73.997269]",46.15,6.131502616700001,7.52670314032062,2020
3416177623,Evening Run,2020-05-07 19:06:45,Run,11304.7,3302,3376,6.2,8.2,1.4,3.424,8.5,,,"[40.743173, -73.99743]",55.03333333333333,7.024412743700001,7.834581386563764,2020
3405044802,Evening Run,2020-05-05 20:12:57,Run,10097.1,3054,3163,6.3,8.2,1.4,3.306,8.3,,,"[40.743072, -73.997445]",50.9,6.274045124100001,8.112788319688967,2020
3399337407,hi fidi,2020-05-04 18:44:33,Run,14178.8,4358,4728,13.8,9.1,0.7,3.254,17.6,,,"[40.726136, -73.987339]",72.63333333333334,8.8102951348,8.24414304197792,2020
3388326565,Evening Run,2020-05-02 20:37:03,Run,10160.3,3096,3365,6.9,8.3,1.4,3.282,9.5,,,"[40.743146, -73.997459]",51.6,6.3133157713,8.173201193986031,2020
3382576759,sponsored by the new drake album,2020-05-01 20:18:49,Run,11510.9,3202,3246,6.8,8.3,1.0,3.595,9.4,,,"[40.743251, -73.997312]",53.36666666666667,7.1525394439,7.461219485085134,2020
3373404724,Evening Run,2020-04-29 20:36:12,Run,7621.0,2344,2392,6.3,8.2,1.4,3.251,8.6,,,"[40.743176, -73.997434]",39.06666666666667,4.735468391,8.249799901719303,2020
3368745267,Evening Run,2020-04-28 20:34:47,Run,10739.4,3132,3311,6.6,8.2,1.4,3.429,11.6,,,"[40.743178, -73.997419]",52.2,6.6731517174,7.822390709908544,2020
3359298598,Evening Run,2020-04-26 20:06:09,Run,8171.0,2455,2503,6.2,8.2,1.4,3.328,8.4,,,"[40.743081, -73.997502]",40.916666666666664,5.077222441,8.05886823792731,2020
3353975666,Evening Run,2020-04-25 19:13:30,Run,8914.9,2664,2750,6.4,8.2,1.4,3.346,7.0,,,"[40.743093, -73.997722]",44.4,5.5394603279,8.015221225861177,2020
3353972887,Evening Run,2020-04-22 19:42:26,Run,13185.8,3855,4002,6.4,8.2,1.4,3.42,5.5,,,"[40.743226, -73.99788]",64.25,8.1932737318,7.841798297380303,2020
3328751543,Evening Run,2020-04-20 19:43:19,Run,8332.5,2962,3070,6.4,8.2,1.4,2.813,7.2,,,"[40.743198, -73.997433]",49.36666666666667,5.1775738575,9.534710276543201,2020
3353975667,Evening Run,2020-04-19 20:27:45,Run,9723.4,2844,2847,6.2,8.0,1.4,3.419,5.8,,,"[40.74318, -73.997669]",47.4,6.0418387814,7.845293744997377,2020
3353975699,Evening Run,2020-04-17 19:53:24,Run,8208.4,2509,2535,6.4,8.2,1.4,3.272,6.7,,,"[40.743214, -73.997758]",41.81666666666667,5.1004617164,8.198604164052357,2020
3353972879,Evening Run,2020-04-15 19:06:23,Run,8383.1,2505,2538,6.4,8.2,1.4,3.347,6.6,,,"[40.743314, -73.997524]",41.75,5.2090152301,8.014950649164929,2020
3353974083,Evening Run,2020-04-14 19:07:08,Run,8193.2,2688,2755,6.8,8.3,1.4,3.048,5.0,,,"[40.746748, -74.00777]",44.8,5.0910168772,8.799813687641803,2020
3353975695,Evening Run,2020-04-13 19:47:20,Run,11372.4,3315,3378,6.4,8.2,1.4,3.431,6.5,,,"[40.743582, -73.997844]",55.25,7.0664795603999995,7.818603241933465,2020
3353975656,Afternoon Run,2020-04-11 13:49:48,Run,8212.7,2498,2605,6.4,8.2,1.4,3.288,6.8,,,"[40.743299, -73.997671]",41.63333333333333,5.103133611700001,8.158385905844247,2020
3353974088,Evening Run,2020-04-09 20:54:39,Run,8138.7,2380,2504,6.4,8.2,1.4,3.42,7.3,,,"[40.743335, -73.997955]",39.666666666666664,5.0571521577,7.84367672352321,2020
3353974092,Evening Run,2020-04-07 19:02:54,Run,8350.5,3225,3570,6.4,8.2,1.4,2.589,6.7,,,"[40.743299, -73.997492]",53.75,5.1887585355,10.35893261022996,2020
3353975661,Evening Run,2020-04-06 20:54:26,Run,6572.9,1818,1838,6.3,8.2,1.4,3.615,7.1,,,"[40.743267, -73.997754]",30.3,4.0842094459,7.418816395524757,2020
3353975671,Evening Run,2020-04-05 20:24:54,Run,9743.6,2992,2995,6.4,8.2,1.4,3.257,6.5,,,"[40.743293, -73.997699]",49.86666666666667,6.0543904756,8.236447065585871,2020
3353975700,Evening Run,2020-04-03 20:46:58,Run,8188.5,2522,2562,6.4,8.2,1.4,3.247,6.5,,,"[40.743323, -73.997621]",42.03333333333333,5.0880964335000005,8.261111769931498,2020
3353974089,Evening Run,2020-04-02 19:36:55,Run,6854.8,2529,2627,9.5,8.2,1.4,2.71,4.8,,,"[40.743333, -73.997467]",42.15,4.2593739308,9.895820532498622,2020
3353972878,Evening Run,2020-04-01 20:28:03,Run,9778.7,3062,3129,6.4,8.2,1.4,3.194,6.1,,,"[40.743309, -73.997736]",51.03333333333333,6.076200597700001,8.398888830735899,2020
3353975663,Evening Run,2020-03-30 20:00:21,Run,6628.8,1915,2006,6.4,8.2,1.4,3.462,6.2,,,"[40.74317, -73.997688]",31.916666666666668,4.1189440848,7.748749681853576,2020
3353975709,Evening Run,2020-03-27 18:23:12,Run,10386.7,3351,3717,6.4,8.2,1.4,3.1,7.8,,,"[40.743234, -73.997512]",55.85,6.4539941657,8.653556009829847,2020
3353974093,Evening Run,2020-03-26 19:30:58,Run,8286.1,2475,2591,6.5,8.1,1.4,3.348,6.5,,,"[40.743304, -73.997562]",41.25,5.1487422431,8.0116653839645,2020
3353974077,Evening Run,2020-03-24 19:56:20,Run,5728.8,1653,1749,6.4,8.2,1.4,3.466,6.5,,,"[40.743331, -73.997552]",27.55,3.5597101848,7.739394099451913,2020
3353974090,Evening Run,2020-03-19 18:59:35,Run,6042.3,2010,2182,0.0,7.8,1.4,3.006,5.7,,,"[40.743384, -73.997625]",33.5,3.7545099933,8.922602432749263,2020
3353972875,Evening Run,2020-03-18 19:16:21,Run,6808.8,2057,2082,6.3,8.1,1.4,3.31,5.7,,,"[40.743427, -73.997897]",34.28333333333333,4.2307908648,8.103291897164949,2020
3353974087,Evening Run,2020-03-17 19:47:20,Run,6807.3,2089,2186,6.0,8.1,1.4,3.259,5.4,,,"[40.743252, -73.997486]",34.81666666666667,4.2298588083,8.23116521013609,2020
3353975660,Evening Run,2020-03-16 19:05:53,Run,5782.0,1826,1887,0.0,8.1,1.4,3.166,5.4,,,"[40.7433, -73.997498]",30.433333333333334,3.592767122,8.470722509949903,2020
3353972270,Evening Run,2020-03-13 19:35:08,Run,6817.1,2140,2212,6.3,8.2,1.4,3.186,6.1,,,"[40.743247, -73.997474]",35.666666666666664,4.2359482441,8.41999585720733,2020
3353974102,Evening Run,2020-03-12 19:21:13,Run,6623.0,2096,2159,6.4,8.2,1.4,3.16,5.7,,,"[40.743191, -73.997541]",34.93333333333333,4.115340133,8.488565271485259,2020
3353974079,Afternoon Run,2019-12-24 16:01:34,Run,6379.1,2020,2052,54.1,136.6,117.7,3.158,4.9,,,"[37.323762, -122.071419]",33.666666666666664,3.9637877461000004,8.49355939903481,2019
2954584373,Afternoon Run,2019-12-24 16:01:21,Run,6433.4,2027,2170,56.5,136.7,117.5,3.174,5.5,,,"[37.323721, -122.07133]",33.78333333333333,3.9975281914,8.4510556813614,2019
2944125141,Afternoon Run,2019-12-19 16:13:38,Run,6401.7,2273,2356,68.0,130.4,90.9,2.816,4.7,,,"[37.323698, -122.071782]",37.88333333333333,3.9778307307,9.523616236598082,2019
2827323590,Evening Run,2019-10-29 18:46:41,Run,5505.2,1766,1837,13.7,9.2,-0.9,3.117,9.6,,,"[40.740352, -73.979202]",29.433333333333334,3.4207716292,8.604296493249615,2019
2792110845,Evening Run,2019-10-15 19:07:05,Run,5472.7,1645,1737,14.2,9.5,-0.9,3.327,9.3,,,"[40.740379, -73.979201]",27.416666666666668,3.4005770717,8.062357090751265,2019
2755788765,Evening Run,2019-10-01 19:07:37,Run,5569.6,1763,1808,14.3,9.2,-0.9,3.159,9.4,,,"[40.740155, -73.979333]",29.383333333333333,3.4607879216,8.490359420738141,2019
2744926667,Evening Run,2019-09-27 18:58:21,Run,6489.2,2130,2253,17.7,9.2,-0.9,3.047,10.1,,,"[40.740375, -73.978871]",35.5,4.0322006932,8.804125265854958,2019
2723826540,Evening Run,2019-09-19 19:57:04,Run,8129.3,2562,2727,31.0,9.2,-1.9,3.173,8.6,,,"[40.740259, -73.979042]",42.7,5.0513112703,8.45325059476369,2019
2718158426,Evening Run,2019-09-17 19:48:03,Run,6582.5,2178,2264,28.0,9.2,-1.9,3.022,7.5,,,"[40.74021, -73.979038]",36.3,4.0901746075,8.874926741131796,2019
2680720235,Evening Run,2019-09-04 19:43:23,Run,5363.7,1790,1861,22.8,10.2,-1.9,2.996,7.3,,,"[40.740468, -73.978755]",29.833333333333332,3.3328476327,8.951304296249754,2019
2642808058,Evening Run,2019-08-22 19:19:32,Run,6998.4,2244,2298,34.0,10.2,-1.9,3.119,12.0,,,"[40.74025, -73.978982]",37.4,4.3486028064,8.60046356612681,2019
2625132999,Evening Run,2019-08-16 18:50:49,Run,5058.7,1448,1501,25.8,10.2,-1.9,3.494,16.0,,,"[40.740228, -73.979117]",24.133333333333333,3.1433294777,7.6776340197693465,2019
2597263045,Evening Run,2019-08-06 19:27:23,Run,5751.7,1947,2005,30.0,10.2,-1.9,2.954,8.2,,,"[40.740295, -73.978925]",32.45,3.5739395807,9.079616279815305,2019
2538565192,Evening Run,2019-07-16 19:55:38,Run,8259.5,2614,2667,39.1,10.2,-1.9,3.16,9.8,,,"[40.740004, -73.978943]",43.56666666666667,5.1322137745,8.488864373330026,2019
2526954696,Evening Run,2019-07-12 19:53:02,Run,6718.0,2176,2292,34.3,10.2,-1.9,3.087,7.9,,,"[40.740522, -73.978525]",36.266666666666666,4.174370378,8.687936953989823,2019
2519134893,Evening Run,2019-07-09 19:39:19,Run,8113.2,2567,2602,36.8,10.2,-1.9,3.161,6.1,,,"[40.739958, -73.978439]",42.78333333333333,5.0413071972,8.486555502329969,2019
2483601329,Evening Run,2019-06-26 20:17:56,Run,8270.8,2774,2800,36.5,10.2,-1.9,2.982,7.9,,,"[40.740282, -73.978921]",46.233333333333334,5.139235266799999,8.99615038681057,2019
2478009420,Evening Run,2019-06-24 19:16:35,Run,8350.2,2642,2676,36.8,10.2,-1.9,3.161,10.0,,,"[40.7403, -73.979202]",44.03333333333333,5.1885721242,8.486599449578357,2019
2436809954,Lunch Run,2019-06-09 11:20:57,Run,5512.8,1679,1718,28.7,10.2,-1.9,3.283,11.5,,,"[40.740459, -73.978825]",27.983333333333334,3.4254940488,8.169137921327378,2019
2426807806,Afternoon Run,2019-06-05 16:58:46,Run,5528.2,1707,1712,28.5,10.2,-1.9,3.239,8.1,,,"[40.740225, -73.978952]",28.45,3.4350631622,8.282234898347278,2019
2405179040,Evening Run,2019-05-28 18:57:27,Run,6861.8,2166,2169,34.2,10.2,-1.9,3.168,8.5,,,"[40.740287, -73.978809]",36.1,4.2637235278,8.466777867894946,2019
2375747319,Evening Run,2019-05-17 18:08:47,Run,5501.6,1933,1943,26.6,10.2,-1.9,2.846,8.8,,,"[40.740483, -73.978888]",32.21666666666667,3.4185346936000003,9.424115755496356,2019
2339639457,Evening Run,2019-05-03 18:58:13,Run,9994.8,3140,3266,36.7,10.2,-1.9,3.183,6.3,,,"[40.740444, -73.978964]",52.333333333333336,6.210478870799999,8.4266180470222,2019
2335059283,Evening Run,2019-05-01 19:17:48,Run,6774.6,2179,2205,33.8,10.2,-1.9,3.109,5.4,,,"[40.740472, -73.979071]",36.31666666666667,4.2095399766,8.627229309744967,2019
2329322586,Evening Run,2019-04-29 19:17:49,Run,8583.6,2676,2726,33.9,10.2,-1.9,3.208,8.2,,,"[40.740411, -73.979008]",44.6,5.3336001156,8.362081714666145,2019
2314197011,Evening Run,2019-04-23 19:52:19,Run,5523.4,1760,1767,28.6,10.2,-1.9,3.138,8.0,,,"[40.74053, -73.978983]",29.333333333333332,3.4320805813999997,8.546807872840738,2019
2311273742,Evening Run,2019-04-22 18:29:52,Run,5451.9,1785,1822,22.9,10.2,-1.9,3.054,7.6,,,"[40.740456, -73.979099]",29.75,3.3876525549,8.781892333370708,2019
2285214438,Evening Run,2019-04-12 19:13:20,Run,6968.5,2200,2207,35.7,10.2,-1.9,3.168,15.5,,,"[40.740516, -73.97933]",36.666666666666664,4.3300238135,8.468005776861684,2019
2280741703,Evening Run,2019-04-10 19:05:58,Run,5754.3,1747,1755,31.4,10.2,-1.9,3.294,13.4,,,"[40.740193, -73.979663]",29.116666666666667,3.5755551453,8.143257615517404,2019
2275810451,Outdoor üèÉ szn,2019-04-08 19:19:06,Run,5500.1,1829,1834,26.0,10.2,-1.9,3.007,9.2,,,"[40.74019, -73.978642]",30.483333333333334,3.4176026371000003,8.919507786662964,2019
2215664418,Afternoon Run,2019-03-15 14:23:22,Run,5419.8,1795,1806,41.4,136.5,117.8,3.019,4.7,,,"[37.323579, -122.07193]",29.916666666666668,3.3677065458,8.883394755394269,2019
2213937809,Afternoon Run,2019-03-14 16:12:27,Run,5353.2,1872,1880,41.3,136.2,117.8,2.86,11.2,,,"[37.323682, -122.071997]",31.2,3.3263232372,9.37972583394007,2019
2122618638,Afternoon Run,2019-02-03 15:26:24,Run,5461.5,1671,1694,26.1,10.2,-1.9,3.268,6.9,,,"[40.740314, -73.978966]",27.85,3.3936177165,8.206581390883072,2019
2039351265,Afternoon Run,2018-12-27 17:21:21,Run,5269.4,1849,1872,40.9,136.0,117.5,2.85,6.0,,,"[37.323651, -122.071824]",30.816666666666666,3.2742523474,9.411817843281808,2018
2028653109,Afternoon Run,2018-12-21 14:06:52,Run,5364.3,1749,1789,41.2,136.1,117.5,3.067,5.4,,,"[37.323616, -122.072043]",29.15,3.3332204553,8.745296145548947,2018
2027478262,Afternoon Run,2018-12-20 16:48:06,Run,6231.6,1997,2034,53.8,136.5,117.6,3.12,5.5,,,"[37.32364, -122.071962]",33.28333333333333,3.8721355236000004,8.595601349817727,2018
2025918865,Afternoon Run,2018-12-19 16:21:57,Run,5550.4,1756,1763,41.3,136.2,117.6,3.161,12.6,,,"[37.323757, -122.071992]",29.266666666666666,3.4488575983999996,8.485901731705047,2018
1980806283,Morning Run,2018-11-23 09:31:42,Run,5525.1,1668,1701,41.6,136.4,117.5,3.312,7.2,,,"[37.323763, -122.071816]",27.8,3.4331369121,8.097550640063213,2018
1979237771,Morning Run,2018-11-22 09:44:21,Run,5485.2,1687,1705,41.1,136.1,117.6,3.251,8.8,,,"[37.323686, -122.071931]",28.116666666666667,3.4083442092,8.249362429643266,2018
1974589113,Afternoon Run,2018-11-19 16:48:09,Run,6216.5,2268,2336,52.0,136.0,117.5,2.741,5.1,,,"[37.323689, -122.071858]",37.8,3.8627528215,9.785767235637238,2018
1952269740,Evening Run,2018-11-07 19:35:53,Run,5593.6,1690,1721,18.9,10.2,0.0,3.31,9.9,,,"[40.740303, -73.979375]",28.166666666666668,3.4757008256,8.103881225681826,2018
1938643710,Evening Run,2018-10-31 20:27:15,Run,6965.3,2235,2415,24.0,9.2,-0.4,3.116,9.0,,,"[40.739515, -73.979626]",37.25,4.3280354263000005,8.60667631638235,2018
1925818561,Night Run,2018-10-24 22:44:23,Run,5671.2,1717,1779,19.8,9.3,-0.4,3.303,19.1,,,"[40.739986, -73.979698]",28.616666666666667,3.5239192152,8.120693159829582,2018
1913391050,Evening Run,2018-10-18 19:03:09,Run,5433.6,1762,1845,9.6,8.9,-0.8,3.084,7.0,,,"[40.740272, -73.978662]",29.366666666666667,3.3762814656000004,8.697932019553324,2018
1900798780,Evening Run,2018-10-12 18:15:45,Run,5147.3,1643,1684,23.6,10.2,-0.8,3.133,8.0,,,"[40.738333, -73.977592]",27.383333333333333,3.1983829483000004,8.56161809763527,2018
1897076089,Afternoon Run,2018-10-10 17:40:27,Run,5456.3,1727,1801,9.7,9.0,-0.8,3.159,9.1,,,"[40.740368, -73.979106]",28.783333333333335,3.3903865873,8.489690656856775,2018
1895101454,Evening Run,2018-10-09 19:16:33,Run,5440.9,1728,1755,9.7,9.0,-0.8,3.149,6.8,,,"[40.740283, -73.979075]",28.8,3.3808174738999996,8.51864977104998,2018
1885397403,Morning Run,2018-10-05 07:28:26,Run,6689.0,2120,2164,9.8,9.0,-0.8,3.155,9.6,,,"[40.740017, -73.979002]",35.333333333333336,4.156350619,8.501047330274167,2018
1880568887,Evening Run,2018-10-02 19:44:58,Run,5489.9,1782,1802,9.8,9.0,-0.8,3.081,8.4,,,"[40.740347, -73.978888]",29.7,3.4112646529,8.706448494036163,2018
1878500140,Evening Run,2018-10-01 19:24:11,Run,5908.4,2011,2022,9.7,9.0,-0.8,2.938,10.4,,,"[40.740269, -73.978831]",33.516666666666666,3.6713084164,9.129351954454519,2018
1870029632,Evening Run,2018-09-27 18:58:05,Run,6476.1,2094,2132,9.7,8.9,-0.8,3.093,9.8,,,"[40.740065, -73.978169]",34.9,4.024060733100001,8.672831330036665,2018
1867869616,Evening Run,2018-09-26 18:00:59,Run,5054.2,1680,1708,9.7,9.0,-0.8,3.008,9.4,,,"[40.740289, -73.978187]",28.0,3.1405333081999998,8.915683182500056,2018
1865921409,Evening Run,2018-09-25 19:49:59,Run,5111.8,1717,1786,9.7,9.0,-0.8,2.977,15.9,,,"[40.740121, -73.978559]",28.616666666666667,3.1763242778,9.009365594903072,2018
1747873112,Evening Run,2018-08-03 19:14:52,Run,6680.1,2287,2518,9.7,9.0,-0.8,2.921,12.5,,,"[40.740042, -73.978161]",38.11666666666667,4.1508204171,9.182923575695703,2018
1712111710,Evening Run,2018-07-18 20:01:28,Run,5816.7,2313,2518,12.6,9.1,-0.8,2.515,11.5,,,"[40.739716, -73.977594]",38.55,3.6143286957,10.665881065511083,2018
1606921385,need some adidons to go faster,2018-05-30 19:08:10,Run,6633.6,1964,1991,8.8,8.6,-0.8,3.378,7.2,,,"[40.739972, -73.978047]",32.733333333333334,4.1219266656,7.94127018476894,2018
1597241117,Shout to the sun for reminding me why I run in the evening,2018-05-26 10:08:58,Run,6564.4,2097,2345,9.7,9.0,-0.8,3.13,14.1,,,"[40.739256, -73.977109]",34.95,4.0789277924,8.56842821908249,2018
1594150276,GOLDEN HOUR,2018-05-24 19:36:11,Run,6871.3,2133,2253,9.6,8.9,-0.8,3.221,12.0,,,"[40.739602, -73.979018]",35.55,4.2696265523,8.326255133683674,2018
1589831225,first Strava out Post ACL we outchea,2018-05-22 18:54:39,Run,6472.3,1997,2168,9.7,8.9,-0.8,3.241,9.4,,,"[40.740214, -73.978794]",33.28333333333333,4.021699523300001,8.275937359443187,2018
951023615,Chance is the GOAT running music,2017-04-20 18:55:40,Run,8714.1,2634,2639,0.0,182.0,175.0,3.308,8.3,,,"[42.056971, -87.675843]",43.9,5.4146890311,8.107575476237768,2017
938341055,Afternoon Run,2017-04-11 17:30:29,Run,6352.4,1850,1852,21.7,188.5,177.0,3.434,6.5,,,"[42.057284, -87.677426]",30.833333333333332,3.9471971403999997,7.81145005851133,2017
935692941,Evening Run,2017-04-09 18:50:15,Run,5939.7,1773,1796,11.0,188.2,177.0,3.35,9.8,,,"[42.056823, -87.677313]",29.55,3.6907573287,8.006486844912242,2017
720558111,Evening Run,2016-09-21 18:34:46,Run,5317.8,1663,1743,0.0,183.4,175.3,3.198,5.0,,,"[42.05561, -87.681496]",27.716666666666665,3.3043267038,8.387992214811051,2016
701994963,Evening Run,2016-09-05 18:22:56,Run,5886.1,1942,2054,0.0,183.4,175.2,3.031,5.1,,,"[42.054969, -87.681135]",32.36666666666667,3.6574518431000005,8.849512735958042,2016
699516672,Afternoon Run,2016-09-03 17:12:21,Run,5902.8,1894,2067,11.7,187.3,175.2,3.117,15.7,,,"[42.046564, -87.686961]",31.566666666666666,3.6678287388000004,8.606363305009246,2016
696274152,Afternoon Run,2016-08-31 17:39:01,Run,6754.7,2133,3313,56.1,129.2,86.7,3.167,6.3,,,"[37.323729, -122.071397]",35.55,4.1971746937,8.469983404160159,2016
695114279,Evening Run,2016-08-30 19:22:19,Run,6544.2,1994,2106,57.1,129.1,86.7,3.282,14.5,,,"[37.323638, -122.071198]",33.233333333333334,4.0663760982,8.172715098351139,2016
685220442,Lunch Run,2016-08-22 11:22:27,Run,4939.6,2008,2299,71.6,172.4,120.6,2.46,4.4,,,"[37.308446, -122.070861]",33.46666666666667,3.0693241916000003,10.903594595271773,2016
681850561,Lunch Run,2016-08-19 11:08:50,Run,6368.8,2069,2147,57.5,129.1,86.5,3.078,7.9,,,"[37.32371, -122.071687]",34.483333333333334,3.9573876248000004,8.7136607789529,2016
642233876,Evening Run,2016-07-15 19:25:40,Run,7800.2,2167,2463,56.5,119.5,72.9,3.6,10.5,,,"[37.323556, -122.071361]",36.11666666666667,4.8468180742,7.451624161203527,2016
640240946,Evening Run,2016-07-13 18:42:23,Run,5762.3,2199,2221,101.2,117.4,49.4,2.62,3.8,,,"[37.491815, -121.912823]",36.65,3.5805261133000004,10.235925905933819,2016
638063757,Evening Run,2016-07-11 19:12:37,Run,7821.9,2220,2510,56.5,120.3,72.9,3.523,8.2,,,"[37.323708, -122.071179]",37.0,4.8603018249,7.612695946256645,2016
635805388,Evening Run,2016-07-09 19:45:13,Run,8148.6,2468,2711,58.2,122.9,72.9,3.302,7.5,,,"[37.323601, -122.072145]",41.13333333333333,5.0633037306,8.123813131087642,2016
633783786,Evening Run,2016-07-07 19:45:10,Run,7811.5,2388,2756,56.2,119.6,72.9,3.271,8.9,,,"[37.32363, -122.071473]",39.8,4.8538395665000005,8.19969417091775,2016
626231669,Evening Run,2016-06-30 19:30:37,Run,7761.1,2336,2702,56.7,120.6,72.9,3.322,4.9,,,"[37.323634, -122.071062]",38.93333333333333,4.822522468100001,8.07323005561288,2016
624170872,Evening Run,2016-06-28 19:43:59,Run,7812.4,2375,2504,56.5,119.5,72.9,3.289,6.7,,,"[37.323456, -122.070949]",39.583333333333336,4.8543988004,8.154116495346795,2016
617900293,Evening Run,2016-06-22 18:49:29,Run,9868.2,3650,3763,168.5,172.9,117.5,2.704,8.5,,,"[37.323696, -122.071317]",60.833333333333336,6.1318133022,9.920936978219359,2016
616836555,Evening Run,2016-06-21 20:09:45,Run,7866.1,2333,2583,56.8,119.7,72.9,3.372,10.6,,,"[37.323816, -122.07136]",38.88333333333333,4.8877664231,7.955235575408716,2016
614723649,Afternoon Run,2016-06-19 16:08:57,Run,5793.6,1953,1990,30.0,137.6,117.6,2.967,4.6,,,"[37.323854, -122.071853]",32.55,3.5999750256000005,9.041729392157368,2016
613575085,Evening Run,2016-06-18 19:04:10,Run,6474.4,2464,2701,250.3,290.0,127.9,2.628,9.9,,,"[37.302299, -122.053765]",41.06666666666667,4.0230044024,10.207959663719873,2016
610638470,Evening Run,2016-06-15 18:04:44,Run,5987.2,2141,2179,100.9,117.3,49.5,2.796,5.2,,,"[37.491714, -121.912926]",35.68333333333333,3.7202724512,9.591591422779645,2016
606215614,Lunch Run,2016-06-11 11:20:48,Run,7959.5,2674,3168,57.6,121.0,72.9,2.977,9.6,,,"[37.323848, -122.071347]",44.56666666666667,4.9458024745,9.011008202702671,2016
604477694,Evening Run,2016-06-09 19:56:11,Run,7740.6,2422,2698,57.7,121.3,72.9,3.196,5.1,,,"[37.32353, -122.070919]",40.36666666666667,4.8097843626,8.39261464205141,2016
601132079,Evening Run,2016-06-06 19:37:23,Run,8267.8,2462,2658,60.7,123.0,72.9,3.358,12.1,,,"[37.323526, -122.07032]",41.03333333333333,5.137371153799999,7.98722383586825,2016
598778222,Evening Run,2016-06-04 19:41:21,Run,8241.7,2705,2840,60.4,123.0,72.9,3.047,6.1,,,"[37.323726, -122.071528]",45.083333333333336,5.121153370700001,8.803355429906013,2016
594667034,Evening Run,2016-05-31 19:10:09,Run,8171.2,2707,2926,56.8,122.8,72.9,3.019,4.8,,,"[37.323887, -122.071543]",45.11666666666667,5.0773467152,8.885874689550228,2016
590253997,Evening Run,2016-05-27 19:24:19,Run,8205.9,2674,2792,60.6,123.0,72.9,3.069,6.5,,,"[37.323384, -122.071654]",44.56666666666667,5.0989082889,8.74043307734824,2016
577035605,Morning Run,2016-05-15 08:04:28,Run,12418.9,3530,3538,96.9,81.4,3.9,3.518,9.9,,,"[37.790053, -122.394075]",58.833333333333336,7.7167443119,7.624113350834546,2016
574128072,Evening Run,2016-05-11 18:58:51,Run,8399.1,3303,3644,277.3,360.0,127.3,2.543,6.8,,,"[37.302424, -122.053819]",55.05,5.2189571661,10.54808427200362,2016
572190114,Evening Run,2016-05-10 18:35:16,Run,5623.8,1924,2019,92.8,174.2,121.8,2.923,18.5,,,"[37.308644, -122.070975]",32.06666666666667,3.4944662298,9.176413379877461,2016
571163458,Evening Run,2016-05-09 19:00:07,Run,10404.3,3143,3349,64.8,129.1,72.9,3.31,7.7,,,"[37.323535, -122.070885]",52.38333333333333,6.464930295299999,8.1026911259068,2016
566917228,Evening Run,2016-05-05 18:59:15,Run,8407.3,2563,2692,57.1,123.2,72.9,3.28,17.2,,,"[37.323554, -122.071892]",42.71666666666667,5.2240524082999995,8.17692154060289,2016
564725170,Evening Run,2016-05-03 19:17:40,Run,8091.6,2438,2595,59.6,123.0,73.0,3.319,11.6,,,"[37.323415, -122.070683]",40.63333333333333,5.027885583600001,8.081594669908855,2016
562665810,Afternoon Run,2016-05-01 17:01:12,Run,10098.6,3751,4181,148.0,174.0,115.9,2.692,6.5,,,"[37.323837, -122.071359]",62.516666666666666,6.2749771806000005,9.962851635531996,2016
554873002,Evening Run,2016-04-23 19:06:15,Run,8121.5,2458,2610,60.8,123.0,72.9,3.304,10.0,,,"[37.323597, -122.070721]",40.96666666666667,5.0464645765,8.117894427999591,2016
551965644,Evening Run,2016-04-20 18:55:41,Run,8092.2,2550,2719,61.4,123.1,72.9,3.173,6.9,,,"[37.323527, -122.070817]",42.5,5.0282584062,8.452230686393557,2016
549784347,Evening Run,2016-04-18 18:48:43,Run,8143.9,2537,2712,60.9,123.0,72.9,3.21,6.8,,,"[37.323472, -122.071001]",42.28333333333333,5.0603832869,8.355757051603927,2016
544772604,Evening Run,2016-04-13 18:48:21,Run,6405.5,2046,2070,35.1,136.4,117.4,3.131,10.6,,,"[37.32369, -122.071402]",34.1,3.9801919405,8.567426021096933,2016
541650900,Lunch Run,2016-04-10 11:48:24,Run,6386.2,2007,2018,35.2,136.6,117.4,3.182,8.5,,,"[37.323549, -122.071586]",33.45,3.9681994802,8.429515745593037,2016
539695950,Evening Run,2016-04-08 18:41:53,Run,9169.8,3826,4253,121.8,173.1,115.7,2.397,5.9,,,"[37.323574, -122.071234]",63.766666666666666,5.6978477958,11.191360133148939,2016
538003791,Evening Run,2016-04-06 18:55:43,Run,6496.7,2553,2627,131.3,173.8,121.2,2.545,11.4,,,"[37.308642, -122.070765]",42.55,4.0368609757,10.540367938388501,2016
533938565,Afternoon Run,2016-04-02 14:24:42,Run,5855.9,2223,2353,93.0,172.7,122.6,2.634,9.9,,,"[37.308632, -122.07138]",37.05,3.6386864388999998,10.182245879697309,2016
531352998,Evening Run,2016-03-30 19:04:33,Run,5580.9,2235,2272,91.4,171.4,122.7,2.497,9.9,,,"[37.308396, -122.071232]",37.25,3.4678094139,10.74165144447992,2016
526781683,Evening Run,2016-03-25 19:07:26,Run,6516.0,2128,2149,35.8,136.5,117.4,3.062,14.2,,,"[37.324063, -122.071386]",35.46666666666667,4.048853436,8.759681531398034,2016
525135424,Evening Run,2016-03-23 19:07:21,Run,5947.7,2315,2329,42.1,121.4,88.6,2.569,9.6,,,"[37.306792, -122.049638]",38.583333333333336,3.6957282967,10.439981036426643,2016
519882972,Evening Run,2016-03-17 18:55:03,Run,5168.1,1831,1891,30.0,136.4,117.4,2.823,5.9,,,"[37.323702, -122.071334]",30.516666666666666,3.2113074651000004,9.502879122699133,2016
427827121,Evening Run,2015-11-06 19:05:04,Run,6022.2,1878,2037,55.6,129.1,86.6,3.207,5.6,,,"[37.32377, -122.071415]",31.3,3.7420204362,8.36446527581901,2015
426723593,Evening Run,2015-11-04 18:54:35,Run,6001.9,1943,2052,53.3,129.0,86.6,3.089,5.3,,,"[37.323909, -122.071453]",32.38333333333333,3.7294066049,8.683240194508546,2015
422847333,Evening Run,2015-10-29 19:11:37,Run,6397.0,1873,1965,52.3,129.2,86.7,3.415,5.6,,,"[37.323771, -122.071356]",31.216666666666665,3.974910287,7.853426722298918,2015
422262032,Evening Run,2015-10-28 19:02:14,Run,5506.0,1727,2146,42.1,128.2,86.8,3.188,4.9,,,"[37.318292, -122.068474]",28.783333333333335,3.421268726,8.413058323829935,2015
421064824,Evening Run,2015-10-26 18:52:37,Run,5061.9,1781,1826,12.0,130.4,114.7,2.842,6.3,,,"[37.323785, -122.071366]",29.683333333333334,3.1453178649,9.437307963237307,2015
418939310,Evening Run,2015-10-23 18:51:02,Run,6111.0,1952,2159,51.9,129.2,86.7,3.131,4.7,,,"[37.323724, -122.071339]",32.53333333333333,3.797198181,8.56772066733836,2015
418400548,Evening Run,2015-10-22 19:03:22,Run,6394.7,1902,2084,50.7,129.0,87.0,3.362,9.2,,,"[37.323817, -122.071427]",31.7,3.9734811337,7.977891157238691,2015
417817768,Evening Run,2015-10-21 18:42:32,Run,6389.4,2068,2205,53.3,129.1,87.3,3.09,8.2,,,"[37.323962, -122.071439]",34.46666666666667,3.9701878674,8.681369199094911,2015
413884037,Evening Run,2015-10-15 18:49:47,Run,5368.8,1543,1665,12.4,130.9,114.1,3.479,4.7,,,"[37.323731, -122.071788]",25.716666666666665,3.3360166248,7.708794517236083,2015
413277964,Evening Run,2015-10-14 18:43:20,Run,5069.4,1635,1739,17.7,136.1,114.0,3.101,7.6,,,"[37.323722, -122.071373]",27.25,3.1499781473999997,8.65085366464914,2015
408545927,Evening Run,2015-10-07 18:39:00,Run,7478.3,2395,2637,69.0,120.1,72.9,3.122,8.4,,,"[37.323583, -122.071223]",39.916666666666664,4.6467987493,8.590143197546432,2015
407888524,Evening Run,2015-10-06 18:40:38,Run,8251.2,2448,2553,67.7,123.1,72.9,3.371,7.7,,,"[37.323934, -122.071435]",40.8,5.1270563952,7.95778256665898,2015
405065487,Evening Run,2015-10-02 18:37:36,Run,8188.2,2554,2721,67.6,123.0,72.9,3.206,5.6,,,"[37.323712, -122.071392]",42.56666666666667,5.0879100222,8.366238097949095,2015
403846513,Evening Run,2015-09-30 18:43:06,Run,5712.5,2248,2372,88.5,182.4,117.4,2.541,4.6,,,"[37.323792, -122.071396]",37.46666666666667,3.5495818375,10.5552339351203,2015
403171383,Evening Run,2015-09-29 18:40:38,Run,8197.7,2409,2591,67.6,123.0,72.9,3.403,8.4,,,"[37.323748, -122.071492]",40.15,5.0938130467,7.882111029970164,2015
400921701,Evening Run,2015-09-26 18:26:35,Run,5425.6,1998,2014,25.7,127.8,101.1,2.716,6.2,,,"[37.307093, -122.050375]",33.3,3.3713104976,9.877464571627534,2015
391821619,Afternoon Run,2015-09-13 16:38:48,Run,6437.3,2290,2430,127.4,171.1,121.7,2.811,7.6,,,"[37.308505, -122.071156]",38.166666666666664,3.9999515383000004,9.541782269414117,2015
385480422,Morning Run,2015-09-05 08:41:57,Run,6481.5,2247,2351,100.7,174.3,123.2,2.885,7.6,,,"[37.308214, -122.070846]",37.45,4.0274161365,9.298765940920543,2015
384440397,Evening Run,2015-09-03 19:25:43,Run,6340.5,2511,2769,254.5,290.2,129.4,2.525,6.0,,,"[37.301744, -122.055049]",41.85,3.9398028255,10.622358999574761,2015
382980247,Evening Run,2015-09-01 19:19:18,Run,7932.0,2929,3239,219.8,277.3,124.2,2.708,6.4,,,"[37.30854, -122.070376]",48.81666666666667,4.928714772,9.904542852427547,2015
378325821,Evening Run,2015-08-26 19:29:12,Run,5677.2,2275,2832,203.9,277.1,120.4,2.495,5.6,,,"[37.308529, -122.069844]",37.916666666666664,3.5276474412,10.748428605373487,2015
377570132,Evening Run,2015-08-25 19:31:59,Run,6646.6,2142,2247,111.1,172.2,120.9,3.103,9.3,,,"[37.308412, -122.070614]",35.7,4.1300044886,8.644058402004712,2015
372282498,Evening Run,2015-08-18 19:23:07,Run,6473.5,2731,2871,118.5,174.7,120.9,2.37,3.7,,,"[37.308566, -122.071083]",45.516666666666666,4.0224451685,11.315671130363766,2015
367787551,Evening Run,2015-08-12 19:42:43,Run,7281.3,2927,3316,265.6,290.1,128.1,2.488,4.3,,,"[37.302405, -122.053674]",48.78333333333333,4.5243886623,10.782303859044248,2015
366206121,Evening Run,2015-08-10 19:23:38,Run,6102.6,2713,2924,94.8,173.1,120.8,2.249,3.7,,,"[37.308567, -122.069815]",45.21666666666667,3.7919786646,11.924293532763425,2015
361507799,Evening Run,2015-08-04 19:39:35,Run,6555.0,2320,2404,119.4,173.9,122.8,2.825,10.7,,,"[37.308583, -122.070292]",38.666666666666664,4.073086905,9.493209344293787,2015
356931591,Gtech,2015-07-29 17:57:31,Run,8092.0,2891,3598,89.6,304.8,270.1,2.799,8.0,,,"[33.78159, -84.387826]",48.18333333333333,5.028134132,9.582746217266848,2015
356216439,HOTLANTA,2015-07-28 17:49:27,Run,6734.4,2372,2986,59.3,295.0,253.0,2.839,5.1,,,"[33.781526, -84.387321]",39.53333333333333,4.1845608624,9.447427014040253,2015
352071261,Evening Run,2015-07-22 19:32:49,Run,7457.5,3074,3580,298.3,360.1,128.0,2.426,5.1,,,"[37.302583, -122.053278]",51.233333333333334,4.6338742325,11.056263239516683,2015
347765068,Evening Run,2015-07-16 19:55:28,Run,6361.8,2232,2429,119.0,171.4,121.6,2.85,5.7,,,"[37.308517, -122.071234]",37.2,3.9530380278000004,9.410483718696494,2015
346324701,Evening Run,2015-07-14 19:41:45,Run,6236.0,2196,2395,113.1,172.4,121.5,2.84,4.8,,,"[37.308584, -122.070608]",36.6,3.874869556,9.445479253185988,2015
331727316,Evening Run,2015-06-23 19:35:17,Run,7050.7,2523,2737,64.8,171.9,123.0,2.795,8.3,,,"[37.308508, -122.070903]",42.05,4.3811005096999995,9.598045036149927,2015
321464077,Evening Run,2015-06-08 18:40:17,Run,8334.3,3238,3316,135.7,172.4,121.6,2.574,6.8,,,"[37.308365, -122.070417]",53.96666666666667,5.178692325299999,10.420906143239627,2015
317141044,Evening Run,2015-06-02 19:13:06,Run,5888.4,2387,2605,93.6,172.2,121.9,2.467,4.7,,,"[37.308594, -122.070442]",39.78333333333333,3.6588809963999998,10.873087529350217,2015
308595993,Evening Run,2015-05-20 19:10:34,Run,5981.8,2175,2349,232.2,263.2,127.5,2.75,5.2,,,"[37.302597, -122.052893]",36.25,3.7169170478,9.752706216959012,2015
306451776,Morning Run,2015-05-17 08:09:26,Run,12220.9,3644,4128,97.1,81.3,3.3,3.354,5.8,,,"[37.790638, -122.393522]",60.733333333333334,7.5937128539,7.997844335415151,2015
305702212,Morning Run,2015-05-16 09:08:55,Run,5764.5,1978,2118,103.7,171.0,121.5,2.914,6.0,,,"[37.308559, -122.07107]",32.96666666666667,3.5818931295,9.20369912635236,2015
303460274,Evening Run,2015-05-12 19:12:06,Run,8949.2,2988,3598,135.0,173.8,122.0,2.995,13.3,,,"[37.308485, -122.071072]",49.8,5.560773353200001,8.95558887889975,2015
300766800,Evening Run,2015-05-08 19:25:58,Run,6573.0,2815,2897,262.2,290.0,128.1,2.335,4.4,,,"[37.302553, -122.053429]",46.916666666666664,4.0842715830000005,11.487156452070504,2015
300231403,Evening Run,2015-05-07 18:49:10,Run,11580.4,4007,4189,246.6,233.7,121.9,2.89,8.3,,,"[37.308443, -122.071487]",66.78333333333333,7.1957247284,9.280973891309888,2015
299611252,Evening Run,2015-05-06 19:20:30,Run,9544.9,3861,4126,143.3,173.0,119.3,2.472,5.2,,,"[37.30853, -122.071279]",64.35,5.9309240578999995,10.84991130754502,2015
298387350,Evening Run,2015-05-04 19:07:21,Run,7301.7,2797,2829,274.0,285.8,126.5,2.611,4.8,,,"[37.302713, -122.052513]",46.61666666666667,4.5370646307,10.274631388593296,2015
296357645,Evening Run,2015-05-01 19:15:00,Run,10588.7,3533,3793,80.3,175.0,120.6,2.997,6.5,,,"[37.308573, -122.070973]",58.88333333333333,6.5795111077,8.949499798613028,2015
295183718,Evening Run,2015-04-29 19:28:36,Run,7672.0,3351,3358,277.5,290.3,128.2,2.289,5.6,,,"[37.302561, -122.053334]",55.85,4.767158312,11.715574844538537,2015
294563072,Evening Run,2015-04-28 19:00:38,Run,8488.2,3005,3252,292.0,351.3,127.3,2.825,5.1,,,"[37.302557, -122.053263]",50.083333333333336,5.2743213222000005,9.495692483226033,2015
290824289,Evening Run,2015-04-22 19:08:46,Run,8564.1,2924,3840,114.5,173.8,119.1,2.929,7.3,,,"[37.308591, -122.070698]",48.733333333333334,5.3214833811,9.157847510417236,2015
288896359,Evening Run,2015-04-19 18:00:27,Run,5951.8,2388,2611,217.8,315.1,128.0,2.492,4.9,,,"[37.302389, -122.053547]",39.8,3.6982759178,10.761771399597436,2015
287440451,Evening Run,2015-04-17 19:10:46,Run,6067.8,2400,2477,135.9,173.8,120.5,2.528,4.7,,,"[37.30686, -122.072679]",40.0,3.7703549538,10.609080707291364,2015
278258933,Evening Run,2015-04-02 18:43:12,Run,6543.4,2284,2667,224.8,315.0,120.4,2.865,15.3,,,"[37.303195, -122.051525]",38.06666666666667,4.0658790014,9.362469137315502,2015
277240622,Evening Run,2015-03-31 18:48:33,Run,7301.8,3189,3257,239.7,263.4,108.8,2.29,4.4,,,"[37.306276, -122.050305]",53.15,4.5371267678,11.71446219603245,2015
273692896,Evening Run,2015-03-24 19:06:54,Run,5879.1,2336,2375,123.0,175.7,123.3,2.517,6.5,,,"[37.308607, -122.071111]",38.93333333333333,3.6531022461000004,10.657608440852702,2015
270506188,Evening Run,2015-03-18 18:46:18,Run,5250.1,2255,2805,173.8,290.3,109.0,2.328,13.0,,,"[37.306278, -122.050496]",37.583333333333336,3.2622598871000004,11.520643552020376,2015
